﻿[
  {
    "Name": "同学",
    "tittles": [
      { "Name": "樊少谦" },
      { "Name": "高雨昂" },
      { "Name": "李灏" },
      { "Name": "冯超洋" }
    ]
  },
  {
    "Name": "老师",
    "tittles": [
      { "Name": "兰总" },
      { "Name": "老杨" },
      { "Name": "老平" },
      { "Name": "大鹏" }
    ]
  },
  {
    "Name": "家人",
    "tittles": [
      { "Name": "Monther" },
      { "Name": "Father" },
      { "Name": "Sister" },
      { "Name": "Brother" }
    ]
  },
  {
    "Name": "朋友",
    "tittles": [
      { "Name": "阿瓦达" },
      { "Name": "废物色冯" },
      { "Name": "把温度计" }
    ]
  },
  {
    "Name": "陌生人",
    "tittles": [
      { "Name": "案范围哦" },
      { "Name": "我的期望的" },
      { "Name": "儿歌日" },
      { "Name": "柔荑花好" }
    ]
  }
]